[
  {
    "Title": "Horror",
    "data": [
      {
        "id": "1509428502953",
        "title": "Sample Item",
        "thumbnail": "https://www.jussilanet.com/assets/stock-images/wallpaper.wiki-Free-Lightning-Storm-Background-PIC-WPD003089-758x569.jpg",
        "brandedThumbnail": "Dolor occaecat esse non non Lorem velit proident duis cupidatat sit elit sit ea adipisicing.",
        "shortDescription": "A live description",
        "longDescription": "Dolor occaecat esse non non Lorem velit proident duis cupidatat sit elit sit ea adipisicing.",
        "tags": ["linear", "news", "celebrity"]
      },
      {
        "id": "1509428502953",
        "title": "Sample Item2",
        "thumbnail": "https://www.jussilanet.com/assets/stock-images/wallpaper.wiki-Free-Lightning-Storm-Background-PIC-WPD003089-758x569.jpg",
        "brandedThumbnail": "Dolor occaecat esse non non Lorem velit proident duis cupidatat sit elit sit ea adipisicing.",
        "shortDescription": "A live description",
        "longDescription": "Dolor occaecat esse non non Lorem velit proident duis cupidatat sit elit sit ea adipisicing."
      },
      {
        "id": "1509428502953",
        "title": "Sample Item3",
        "thumbnail": "https://www.jussilanet.com/assets/stock-images/wallpaper.wiki-Free-Lightning-Storm-Background-PIC-WPD003089-758x569.jpg",
        "brandedThumbnail": "Dolor occaecat esse non non Lorem velit proident duis cupidatat sit elit sit ea adipisicing.",
        "shortDescription": "A live description",
        "longDescription": "Dolor occaecat esse non non Lorem velit proident duis cupidatat sit elit sit ea adipisicing."
      },
      {
        "id": "1509428502953",
        "title": "Sample Item4",
        "thumbnail": "https://www.jussilanet.com/assets/stock-images/wallpaper.wiki-Free-Lightning-Storm-Background-PIC-WPD003089-758x569.jpg",
        "brandedThumbnail": "Dolor occaecat esse non non Lorem velit proident duis cupidatat sit elit sit ea adipisicing.",
        "shortDescription": "A live description",
        "longDescription": "Dolor occaecat esse non non Lorem velit proident duis cupidatat sit elit sit ea adipisicing.",
        "tags": ["linear", "news", "celebrity"]
      },
      {
        "id": "1509428502953",
        "title": "Sample Item5",
        "thumbnail": "https://www.jussilanet.com/assets/stock-images/wallpaper.wiki-Free-Lightning-Storm-Background-PIC-WPD003089-758x569.jpg",
        "brandedThumbnail": "Dolor occaecat esse non non Lorem velit proident duis cupidatat sit elit sit ea adipisicing.",
        "shortDescription": "A live description",
        "longDescription": "Dolor occaecat esse non non Lorem velit proident duis cupidatat sit elit sit ea adipisicing.",
        "tags": ["linear", "news", "celebrity"]
      }
    ]
  },
  {
    "Title": "Action",
    "data": [
      {
        "id": "1509428502953",
        "title": "Sample Item",
        "thumbnail": "https://www.jussilanet.com/assets/stock-images/wallpaper.wiki-Free-Lightning-Storm-Background-PIC-WPD003089-758x569.jpg",
        "brandedThumbnail": "Dolor occaecat esse non non Lorem velit proident duis cupidatat sit elit sit ea adipisicing.",
        "shortDescription": "A live description",
        "longDescription": "Dolor occaecat esse non non Lorem velit proident duis cupidatat sit elit sit ea adipisicing.",
        "tags": ["linear", "news", "celebrity"]
      },
      {
        "id": "1509428502953",
        "title": "Sample Item2",
        "thumbnail": "https://www.jussilanet.com/assets/stock-images/wallpaper.wiki-Free-Lightning-Storm-Background-PIC-WPD003089-758x569.jpg",
        "brandedThumbnail": "Dolor occaecat esse non non Lorem velit proident duis cupidatat sit elit sit ea adipisicing.",
        "shortDescription": "A live description",
        "longDescription": "Dolor occaecat esse non non Lorem velit proident duis cupidatat sit elit sit ea adipisicing."
      },
      {
        "id": "1509428502953",
        "title": "Sample Item3",
        "thumbnail": "https://www.jussilanet.com/assets/stock-images/wallpaper.wiki-Free-Lightning-Storm-Background-PIC-WPD003089-758x569.jpg",
        "brandedThumbnail": "Dolor occaecat esse non non Lorem velit proident duis cupidatat sit elit sit ea adipisicing.",
        "shortDescription": "A live description",
        "longDescription": "Dolor occaecat esse non non Lorem velit proident duis cupidatat sit elit sit ea adipisicing."
      },
      {
        "id": "1509428502953",
        "title": "Sample Item",
        "thumbnail": "https://www.jussilanet.com/assets/stock-images/wallpaper.wiki-Free-Lightning-Storm-Background-PIC-WPD003089-758x569.jpg",
        "brandedThumbnail": "Dolor occaecat esse non non Lorem velit proident duis cupidatat sit elit sit ea adipisicing.",
        "shortDescription": "A live description",
        "longDescription": "Dolor occaecat esse non non Lorem velit proident duis cupidatat sit elit sit ea adipisicing.",
        "tags": ["linear", "news", "celebrity"]
      },
      {
        "id": "1509428502953",
        "title": "Sample Item",
        "thumbnail": "https://www.jussilanet.com/assets/stock-images/wallpaper.wiki-Free-Lightning-Storm-Background-PIC-WPD003089-758x569.jpg",
        "brandedThumbnail": "Dolor occaecat esse non non Lorem velit proident duis cupidatat sit elit sit ea adipisicing.",
        "shortDescription": "A live description",
        "longDescription": "Dolor occaecat esse non non Lorem velit proident duis cupidatat sit elit sit ea adipisicing.",
        "tags": ["linear", "news", "celebrity"]
      }
    ]
  },
  {
    "Title": "Music",
    "data": [
      {
        "id": "1509428502953",
        "title": "Sample Item",
        "thumbnail": "https://www.jussilanet.com/assets/stock-images/wallpaper.wiki-Free-Lightning-Storm-Background-PIC-WPD003089-758x569.jpg",
        "brandedThumbnail": "Dolor occaecat esse non non Lorem velit proident duis cupidatat sit elit sit ea adipisicing.",
        "shortDescription": "A live description",
        "longDescription": "Dolor occaecat esse non non Lorem velit proident duis cupidatat sit elit sit ea adipisicing.",
        "tags": ["linear", "news", "celebrity"]
      },
      {
        "id": "1509428502953",
        "title": "Sample Item2",
        "thumbnail": "https://www.jussilanet.com/assets/stock-images/wallpaper.wiki-Free-Lightning-Storm-Background-PIC-WPD003089-758x569.jpg",
        "brandedThumbnail": "Dolor occaecat esse non non Lorem velit proident duis cupidatat sit elit sit ea adipisicing.",
        "shortDescription": "A live description",
        "longDescription": "Dolor occaecat esse non non Lorem velit proident duis cupidatat sit elit sit ea adipisicing."
      },
      {
        "id": "1509428502953",
        "title": "Sample Item3",
        "thumbnail": "https://www.jussilanet.com/assets/stock-images/wallpaper.wiki-Free-Lightning-Storm-Background-PIC-WPD003089-758x569.jpg",
        "brandedThumbnail": "Dolor occaecat esse non non Lorem velit proident duis cupidatat sit elit sit ea adipisicing.",
        "shortDescription": "A live description",
        "longDescription": "Dolor occaecat esse non non Lorem velit proident duis cupidatat sit elit sit ea adipisicing."
      },
      {
        "id": "1509428502953",
        "title": "Sample Item",
        "thumbnail": "https://www.jussilanet.com/assets/stock-images/wallpaper.wiki-Free-Lightning-Storm-Background-PIC-WPD003089-758x569.jpg",
        "brandedThumbnail": "Dolor occaecat esse non non Lorem velit proident duis cupidatat sit elit sit ea adipisicing.",
        "shortDescription": "A live description",
        "longDescription": "Dolor occaecat esse non non Lorem velit proident duis cupidatat sit elit sit ea adipisicing.",
        "tags": ["linear", "news", "celebrity"]
      },
      {
        "id": "1509428502953",
        "title": "Sample Item",
        "thumbnail": "https://www.jussilanet.com/assets/stock-images/wallpaper.wiki-Free-Lightning-Storm-Background-PIC-WPD003089-758x569.jpg",
        "brandedThumbnail": "Dolor occaecat esse non non Lorem velit proident duis cupidatat sit elit sit ea adipisicing.",
        "shortDescription": "A live description",
        "longDescription": "Dolor occaecat esse non non Lorem velit proident duis cupidatat sit elit sit ea adipisicing.",
        "tags": ["linear", "news", "celebrity"]
      }
    ]
  },
  {
    "Title": "Gaming",
    "data": [
      {
        "id": "1509428502953",
        "title": "Sample Item",
        "thumbnail": "https://www.jussilanet.com/assets/stock-images/wallpaper.wiki-Free-Lightning-Storm-Background-PIC-WPD003089-758x569.jpg",
        "brandedThumbnail": "Dolor occaecat esse non non Lorem velit proident duis cupidatat sit elit sit ea adipisicing.",
        "shortDescription": "A live description",
        "longDescription": "Dolor occaecat esse non non Lorem velit proident duis cupidatat sit elit sit ea adipisicing.",
        "tags": ["linear", "news", "celebrity"]
      },
      {
        "id": "1509428502953",
        "title": "Sample Item2",
        "thumbnail": "https://www.jussilanet.com/assets/stock-images/wallpaper.wiki-Free-Lightning-Storm-Background-PIC-WPD003089-758x569.jpg",
        "brandedThumbnail": "Dolor occaecat esse non non Lorem velit proident duis cupidatat sit elit sit ea adipisicing.",
        "shortDescription": "A live description",
        "longDescription": "Dolor occaecat esse non non Lorem velit proident duis cupidatat sit elit sit ea adipisicing."
      },
      {
        "id": "1509428502953",
        "title": "Sample Item3",
        "thumbnail": "https://www.jussilanet.com/assets/stock-images/wallpaper.wiki-Free-Lightning-Storm-Background-PIC-WPD003089-758x569.jpg",
        "brandedThumbnail": "Dolor occaecat esse non non Lorem velit proident duis cupidatat sit elit sit ea adipisicing.",
        "shortDescription": "A live description",
        "longDescription": "Dolor occaecat esse non non Lorem velit proident duis cupidatat sit elit sit ea adipisicing."
      },
      {
        "id": "1509428502953",
        "title": "Sample Item",
        "thumbnail": "https://www.jussilanet.com/assets/stock-images/wallpaper.wiki-Free-Lightning-Storm-Background-PIC-WPD003089-758x569.jpg",
        "brandedThumbnail": "Dolor occaecat esse non non Lorem velit proident duis cupidatat sit elit sit ea adipisicing.",
        "shortDescription": "A live description",
        "longDescription": "Dolor occaecat esse non non Lorem velit proident duis cupidatat sit elit sit ea adipisicing.",
        "tags": ["linear", "news", "celebrity"]
      },
      {
        "id": "1509428502953",
        "title": "Sample Item",
        "thumbnail": "https://www.jussilanet.com/assets/stock-images/wallpaper.wiki-Free-Lightning-Storm-Background-PIC-WPD003089-758x569.jpg",
        "brandedThumbnail": "Dolor occaecat esse non non Lorem velit proident duis cupidatat sit elit sit ea adipisicing.",
        "shortDescription": "A live description",
        "longDescription": "Dolor occaecat esse non non Lorem velit proident duis cupidatat sit elit sit ea adipisicing.",
        "tags": ["linear", "news", "celebrity"]
      }
    ]
  },
  {
    "Title": "Horror",
    "data": [
      {
        "id": "1509428502953",
        "title": "Sample Item",
        "thumbnail": "https://www.jussilanet.com/assets/stock-images/wallpaper.wiki-Free-Lightning-Storm-Background-PIC-WPD003089-758x569.jpg",
        "brandedThumbnail": "Dolor occaecat esse non non Lorem velit proident duis cupidatat sit elit sit ea adipisicing.",
        "shortDescription": "A live description",
        "longDescription": "Dolor occaecat esse non non Lorem velit proident duis cupidatat sit elit sit ea adipisicing.",
        "tags": ["linear", "news", "celebrity"]
      },
      {
        "id": "1509428502953",
        "title": "Sample Item2",
        "thumbnail": "https://www.jussilanet.com/assets/stock-images/wallpaper.wiki-Free-Lightning-Storm-Background-PIC-WPD003089-758x569.jpg",
        "brandedThumbnail": "Dolor occaecat esse non non Lorem velit proident duis cupidatat sit elit sit ea adipisicing.",
        "shortDescription": "A live description",
        "longDescription": "Dolor occaecat esse non non Lorem velit proident duis cupidatat sit elit sit ea adipisicing."
      },
      {
        "id": "1509428502953",
        "title": "Sample Item3",
        "thumbnail": "https://www.jussilanet.com/assets/stock-images/wallpaper.wiki-Free-Lightning-Storm-Background-PIC-WPD003089-758x569.jpg",
        "brandedThumbnail": "Dolor occaecat esse non non Lorem velit proident duis cupidatat sit elit sit ea adipisicing.",
        "shortDescription": "A live description",
        "longDescription": "Dolor occaecat esse non non Lorem velit proident duis cupidatat sit elit sit ea adipisicing."
      },
      {
        "id": "1509428502953",
        "title": "Sample Item",
        "thumbnail": "https://www.jussilanet.com/assets/stock-images/wallpaper.wiki-Free-Lightning-Storm-Background-PIC-WPD003089-758x569.jpg",
        "brandedThumbnail": "Dolor occaecat esse non non Lorem velit proident duis cupidatat sit elit sit ea adipisicing.",
        "shortDescription": "A live description",
        "longDescription": "Dolor occaecat esse non non Lorem velit proident duis cupidatat sit elit sit ea adipisicing.",
        "tags": ["linear", "news", "celebrity"]
      },
      {
        "id": "1509428502953",
        "title": "Sample Item",
        "thumbnail": "https://www.jussilanet.com/assets/stock-images/wallpaper.wiki-Free-Lightning-Storm-Background-PIC-WPD003089-758x569.jpg",
        "brandedThumbnail": "Dolor occaecat esse non non Lorem velit proident duis cupidatat sit elit sit ea adipisicing.",
        "shortDescription": "A live description",
        "longDescription": "Dolor occaecat esse non non Lorem velit proident duis cupidatat sit elit sit ea adipisicing.",
        "tags": ["linear", "news", "celebrity"]
      }
    ]
  },
  {
    "Title": "WOW",
    "data": [
      {
        "id": "1509428502953",
        "title": "Sample Item",
        "thumbnail": "https://www.jussilanet.com/assets/stock-images/wallpaper.wiki-Free-Lightning-Storm-Background-PIC-WPD003089-758x569.jpg",
        "brandedThumbnail": "Dolor occaecat esse non non Lorem velit proident duis cupidatat sit elit sit ea adipisicing.",
        "shortDescription": "A live description",
        "longDescription": "Dolor occaecat esse non non Lorem velit proident duis cupidatat sit elit sit ea adipisicing.",
        "tags": ["linear", "news", "celebrity"]
      },
      {
        "id": "1509428502953",
        "title": "Sample Item2",
        "thumbnail": "https://www.jussilanet.com/assets/stock-images/wallpaper.wiki-Free-Lightning-Storm-Background-PIC-WPD003089-758x569.jpg",
        "brandedThumbnail": "Dolor occaecat esse non non Lorem velit proident duis cupidatat sit elit sit ea adipisicing.",
        "shortDescription": "A live description",
        "longDescription": "Dolor occaecat esse non non Lorem velit proident duis cupidatat sit elit sit ea adipisicing."
      },
      {
        "id": "1509428502953",
        "title": "Sample Item3",
        "thumbnail": "https://www.jussilanet.com/assets/stock-images/wallpaper.wiki-Free-Lightning-Storm-Background-PIC-WPD003089-758x569.jpg",
        "brandedThumbnail": "Dolor occaecat esse non non Lorem velit proident duis cupidatat sit elit sit ea adipisicing.",
        "shortDescription": "A live description",
        "longDescription": "Dolor occaecat esse non non Lorem velit proident duis cupidatat sit elit sit ea adipisicing."
      },
      {
        "id": "1509428502953",
        "title": "Sample Item4",
        "thumbnail": "https://www.jussilanet.com/assets/stock-images/wallpaper.wiki-Free-Lightning-Storm-Background-PIC-WPD003089-758x569.jpg",
        "brandedThumbnail": "Dolor occaecat esse non non Lorem velit proident duis cupidatat sit elit sit ea adipisicing.",
        "shortDescription": "A live description",
        "longDescription": "Dolor occaecat esse non non Lorem velit proident duis cupidatat sit elit sit ea adipisicing.",
        "tags": ["linear", "news", "celebrity"]
      },
      {
        "id": "1509428502953",
        "title": "Sample Item5",
        "thumbnail": "https://www.jussilanet.com/assets/stock-images/wallpaper.wiki-Free-Lightning-Storm-Background-PIC-WPD003089-758x569.jpg",
        "brandedThumbnail": "Dolor occaecat esse non non Lorem velit proident duis cupidatat sit elit sit ea adipisicing.",
        "shortDescription": "A live description",
        "longDescription": "Dolor occaecat esse non non Lorem velit proident duis cupidatat sit elit sit ea adipisicing.",
        "tags": ["linear", "news", "celebrity"]
      }
    ]
  }
]
